Category,Percentage,Population
Schizophrenia,0.254055,7547858944
Bipolar disorder,0.598083,7547858944
Eating disorders,0.211304,7547858944
Anxiety disorders,3.764811,7547858944
Drug use disorders,0.941628,7547858944
Depression,3.441087,7547858944
Alcohol use disorders,1.396497,7547858944